Comment,Designator,Footprint,LCSC
24nH,"L1,L2",L_0603_1608Metric_Pad1.05x0.95mm_HandSolder,C139271
100nF,"C13,C14,C2,C5,C7",C_0603_1608Metric_Pad1.08x0.95mm_HandSolder,C14663
1uF,"C15,C4",C_0603_1608Metric_Pad1.08x0.95mm_HandSolder,C15849
10uF,"C1,C12,C6,C8",C_0603_1608Metric_Pad1.08x0.95mm_HandSolder,C1691
110k,R8,R_0603_1608Metric_Pad0.98x0.95mm_HandSolder,C227441
10k,R6,R_0603_1608Metric_Pad0.98x0.95mm_HandSolder,C25804
TPS61201DRC,U3,Texas_S-PVSON-N10_ThermalVias,C2867532
12k,"R1,R2,R3,R4,R5",R_0603_1608Metric_Pad0.98x0.95mm_HandSolder,C3017713
TS-1187A-B-A-B,"SW1,SW2,SW3",SW-SMD_4P-L5.1-W5.1-P3.70-LS6.5-TL-2,C318884
13pF,C10,C_0603_1608Metric_Pad1.08x0.95mm_HandSolder,C34243
30MHz,Y1,Crystal_SMD_3225-4Pin_3.2x2.5mm_HandSoldering,C362347
2.2uH,L3,L_0603_1608Metric_Pad1.05x0.95mm_HandSolder,C365953
SI4432-B1-FMR,IC1,QLP20,C409765
7.5pF,"C11,C9",C_0603_1608Metric_Pad1.08x0.95mm_HandSolder,C519384
22uF,C16,C_0603_1608Metric_Pad1.08x0.95mm_HandSolder,C59461
470pF,C3,C_0603_1608Metric_Pad1.08x0.95mm_HandSolder,C597097
ESP-12F,U1,ESP-12E,C82891
ATGM336H-5N31,U2,GPSM-SMD_ATGM336H-TR,C90770
220k,R7,R_0603_1608Metric_Pad0.98x0.95mm_HandSolder,C912501
~,U4,PinSocket_1x03_P2.54mm_Vertical,
Conn_01x02_Pin,J5,PinSocket_1x02_P2.54mm_Vertical,
Conn_01x02_Pin,J4,PinSocket_1x02_P2.54mm_Vertical,
Conn_01x04_Pin,J3,PinSocket_1x04_P2.54mm_Vertical,
Conn_01x02_Pin,J2,PinSocket_1x02_P2.54mm_Vertical,
Conn_Coaxial,J1,SMA_Amphenol_901-144_Vertical,
