Designator,Val,Package,Mid X,Mid Y,Rotation,Layer
C1,10uF,C_0603_1608Metric_Pad1.08x0.95mm_HandSolder,141.175,-116.3125,0.0,top
C10,13pF,C_0603_1608Metric_Pad1.08x0.95mm_HandSolder,123.2125,-109.8125,90.0,top
C11,7.5pF,C_0603_1608Metric_Pad1.08x0.95mm_HandSolder,124.9125,-111.075001,90.0,top
C12,10uF,C_0603_1608Metric_Pad1.08x0.95mm_HandSolder,127.8125,-117.0125,-90.0,top
C13,100nF,C_0603_1608Metric_Pad1.08x0.95mm_HandSolder,120.5125,-114.0125,0.0,top
C14,100nF,C_0603_1608Metric_Pad1.08x0.95mm_HandSolder,130.214999,-113.552498,90.0,top
C15,1uF,C_0603_1608Metric_Pad1.08x0.95mm_HandSolder,127.404999,-113.549999,90.0,top
C16,22uF,C_0603_1608Metric_Pad1.08x0.95mm_HandSolder,132.904999,-113.487498,90.0,top
C2,100nF,C_0603_1608Metric_Pad1.08x0.95mm_HandSolder,141.2125,-118.4125,0.0,top
C3,470pF,C_0603_1608Metric_Pad1.08x0.95mm_HandSolder,135.0125,-96.6125,90.0,top
C4,1uF,C_0603_1608Metric_Pad1.08x0.95mm_HandSolder,128.3125,-111.0125,180.0,top
C5,100nF,C_0603_1608Metric_Pad1.08x0.95mm_HandSolder,124.4125,-104.849999,90.0,top
C6,10uF,C_0603_1608Metric_Pad1.08x0.95mm_HandSolder,121.6125,-104.8125,90.0,top
C7,100nF,C_0603_1608Metric_Pad1.08x0.95mm_HandSolder,133.55,-110.5125,0.0,top
C8,10uF,C_0603_1608Metric_Pad1.08x0.95mm_HandSolder,132.7125,-108.5125,0.0,top
C9,7.5pF,C_0603_1608Metric_Pad1.08x0.95mm_HandSolder,119.8125,-109.6125,90.0,top
IC1,SI4432-B1-FMR,QLP20,128.1125,-107.7325,0.0,top
J1,Conn_Coaxial,SMA_Amphenol_901-144_Vertical,114.8525,-107.4725,0.0,top
J2,Conn_01x02_Pin,PinSocket_1x02_P2.54mm_Vertical,179.7375,-106.8325,0.0,top
J3,Conn_01x04_Pin,PinSocket_1x04_P2.54mm_Vertical,159.9125,-99.7425,0.0,top
J4,Conn_01x02_Pin,PinSocket_1x02_P2.54mm_Vertical,134.9825,-117.4125,90.0,top
J5,Conn_01x02_Pin,PinSocket_1x02_P2.54mm_Vertical,160.9825,-121.5125,90.0,top
L1,24nH,L_0603_1608Metric_Pad1.05x0.95mm_HandSolder,124.0375,-107.4125,180.0,top
L2,24nH,L_0603_1608Metric_Pad1.05x0.95mm_HandSolder,120.7125,-107.4125,180.0,top
L3,2.2uH,L_0603_1608Metric_Pad1.05x0.95mm_HandSolder,120.8125,-117.6125,90.0,top
R1,12k,R_0603_1608Metric_Pad0.98x0.95mm_HandSolder,158.2,-107.5875,90.0,top
R2,12k,R_0603_1608Metric_Pad0.98x0.95mm_HandSolder,157.4,-110.7,180.0,top
R3,12k,R_0603_1608Metric_Pad0.98x0.95mm_HandSolder,135.7125,-102.6,0.0,top
R4,12k,R_0603_1608Metric_Pad0.98x0.95mm_HandSolder,134.1,-99.6,0.0,top
R5,12k,R_0603_1608Metric_Pad0.98x0.95mm_HandSolder,151.8,-117.1,45.0,top
R6,10k,R_0603_1608Metric_Pad0.98x0.95mm_HandSolder,166.2,-119.6125,90.0,top
R7,220k,R_0603_1608Metric_Pad0.98x0.95mm_HandSolder,135.8,-89.4,0.0,top
R8,110k,R_0603_1608Metric_Pad0.98x0.95mm_HandSolder,135.8,-91.0,180.0,top
SW1,TS-1187A-B-A-B,SW-SMD_4P-L5.1-W5.1-P3.70-LS6.5-TL-2,122.1125,-95.4125,-90.0,top
SW2,TS-1187A-B-A-B,SW-SMD_4P-L5.1-W5.1-P3.70-LS6.5-TL-2,128.0125,-95.3125,-90.0,top
SW3,TS-1187A-B-A-B,SW-SMD_4P-L5.1-W5.1-P3.70-LS6.5-TL-2,164.3125,-113.2125,-90.0,top
U1,ESP-12F,ESP-12E,146.6125,-106.5625,0.0,top
U2,ATGM336H-5N31,GPSM-SMD_ATGM336H-TR,171.8025,-102.2125,90.0,top
U3,TPS61201DRC,Texas_S-PVSON-N10_ThermalVias,124.4625,-116.1775,0.0,top
U4,~,PinSocket_1x03_P2.54mm_Vertical,151.827499,-121.5875,90.0,top
Y1,30MHz,Crystal_SMD_3225-4Pin_3.2x2.5mm_HandSoldering,128.1625,-101.9625,0.0,top
